{"cameraMode":{"drawMode":0,"name":"Shaded","section":"Shading Mode"},"sceneLighting":true,"audioPlay":false,"sceneViewState":{"m_AlwaysRefresh":false,"showFog":true,"showSkybox":true,"showFlares":true,"showImageEffects":true,"showParticleSystems":true,"showVisualEffectGraphs":true,"m_FxEnabled":true},"in2DMode":false,"pivot":{"x":0.08359932899475098,"y":0.08998320996761322,"z":0.07614552974700928},"rotation":{"x":0.03844144195318222,"y":-0.8031390905380249,"z":0.052122779190540317,"w":0.5922749042510986},"size":0.24173058569431306,"orthographic":false}